{"cameraMode":{"drawMode":0,"name":"Shaded","section":"Shading Mode"},"sceneLighting":true,"audioPlay":false,"sceneViewState":{"m_AlwaysRefresh":false,"showFog":true,"showSkybox":true,"showFlares":true,"showImageEffects":true,"showParticleSystems":true,"showVisualEffectGraphs":true,"m_FxEnabled":true},"in2DMode":false,"pivot":{"x":-0.37019187211990359,"y":0.9522590637207031,"z":-20.7762451171875},"rotation":{"x":0.4395503103733063,"y":0.021299997344613076,"z":-0.01576341688632965,"w":0.8978286385536194},"size":13.864937782287598,"orthographic":false}