{"cameraMode":{"drawMode":0,"name":"Shaded","section":"Shading Mode"},"sceneLighting":true,"audioPlay":false,"sceneViewState":{"m_AlwaysRefresh":false,"showFog":true,"showSkybox":true,"showFlares":true,"showImageEffects":true,"showParticleSystems":true,"showVisualEffectGraphs":true,"m_FxEnabled":true},"in2DMode":false,"pivot":{"x":-12.793330192565918,"y":-6.954554557800293,"z":70.62461853027344},"rotation":{"x":-0.09352759271860123,"y":0.8835136294364929,"z":-0.18840813636779786,"w":-0.41964298486709597},"size":21.520030975341798,"orthographic":false}