{"cameraMode":{"drawMode":0,"name":"Shaded","section":"Shading Mode"},"sceneLighting":true,"audioPlay":false,"sceneViewState":{"m_AlwaysRefresh":false,"showFog":true,"showSkybox":true,"showFlares":true,"showImageEffects":true,"showParticleSystems":true,"showVisualEffectGraphs":true,"m_FxEnabled":true},"in2DMode":false,"pivot":{"x":-0.19999980926513673,"y":1.8900001049041749,"z":-16.700000762939454},"rotation":{"x":0.3782958388328552,"y":0.32276207208633425,"z":-0.1453719437122345,"w":0.8560338020324707},"size":12.12435531616211,"orthographic":false}